{
  "static_scraping": true,
  "js_rendering": true,
  "click_tabs": true,
  "load_more_clicks": true,
  "infinite_scroll": true,
  "pagination_links": true,
  "noise_filtering": true,
  "html_truncation": true,
  "meta_extraction": true,
  "section_grouping": true,
  "semantic_landmarks": true,
  "heading_based_parsing": true,
  "link_extraction": true,
  "image_extraction": true,
  "list_extraction": true,
  "table_extraction": true,
  "interaction_tracking": true,
  "error_handling": true,
  "url_validation": true,
  "network_idle_wait": true,
  "selector_wait": true,
  "timeout_handling": true,
  "graceful_degradation": true,
  "json_export": true,
  "responsive_ui": true,
  "async_scraping": true
}
